,precision,recall,f1-score,support
glioma,1.0,0.9731543624161074,0.9863945578231292,149.0
meningioma,0.9861111111111112,1.0,0.993006993006993,142.0
notumor,1.0,1.0,1.0,213.0
pituitary,0.9869281045751634,1.0,0.993421052631579,151.0
accuracy,0.9938931297709923,0.9938931297709923,0.9938931297709923,0.9938931297709923
macro avg,0.9932598039215687,0.9932885906040269,0.9932056508654252,655.0
weighted avg,0.9939754527765304,0.9938931297709923,0.9938723069771109,655.0
